val_EncDecLoss,val_ConceptLoss,val_DisentagleEmbedding,val_DisentagleConcepts,val_loss,epoch,step,train_EncDecLoss,train_ConceptLoss,train_DisentagleEmbedding,train_DisentagleConcepts,train_loss
0.2910909652709961,0.18298140168190002,36.25143814086914,0.03549833595752716,36.76101303100586,0,56,,,,,
,,,,,0,56,0.17569276690483093,0.20680397748947144,0.00942621286958456,0.009479555301368237,0.40140244364738464
0.13269200921058655,0.18113237619400024,0.0005554630770348012,0.0009047623025253415,0.3152846097946167,1,113,,,,,
,,,,,1,113,0.13247838616371155,0.18520013988018036,0.001022360404022038,0.0019488363759592175,0.3206496834754944
0.12981554865837097,0.18130427598953247,0.003406435949727893,0.0005829613655805588,0.3151091933250427,2,170,,,,,
,,,,,2,170,0.125446617603302,0.18501350283622742,0.0003574838337954134,0.0010750831570476294,0.31189268827438354
0.15885791182518005,0.18062125146389008,0.0017753037391230464,0.0006228322745300829,0.3418773114681244,3,227,,,,,
,,,,,3,227,0.12451529502868652,0.18504774570465088,0.00022328524210024625,0.0008210471132770181,0.3106074333190918
0.13044330477714539,0.18122971057891846,0.22869813442230225,0.0022136184852570295,0.5425847172737122,4,284,,,,,
,,,,,4,284,0.12382423877716064,0.18507349491119385,0.0001745321787893772,0.0007182636181823909,0.30979055166244507
0.20122605562210083,0.1809399425983429,0.005083634052425623,0.000894230033736676,0.3881438672542572,5,341,,,,,
,,,,,5,341,0.12344899028539658,0.1849682778120041,0.00042658441816456616,0.0007041408680379391,0.3095480501651764
0.12780697643756866,0.1809152513742447,0.000993085908703506,0.000439860305050388,0.31015515327453613,6,398,,,,,
,,,,,6,398,0.12516243755817413,0.185079425573349,0.000635519390925765,0.0009486613562330604,0.31182605028152466
0.1271938532590866,0.18082931637763977,0.0036090605426579714,0.00046237336937338114,0.3120945692062378,7,455,,,,,
,,,,,7,455,0.12369702011346817,0.18495123088359833,0.0001923506351886317,0.0005557989934459329,0.309396356344223
0.12569595873355865,0.1808086335659027,0.00013858081365469843,0.00033983463072218,0.30698302388191223,8,512,,,,,
,,,,,8,512,0.12310135364532471,0.1852765828371048,0.00013433187268674374,0.0005176322883926332,0.3090299665927887
0.12429028749465942,0.18066373467445374,0.007010393310338259,0.00045201051398180425,0.3124164342880249,9,569,,,,,
,,,,,9,569,0.12204503268003464,0.1849084049463272,0.0001212449642480351,0.000475598790217191,0.3075502812862396
0.12461096048355103,0.18113750219345093,0.0035409536212682724,0.0004580061067827046,0.3097474277019501,10,626,,,,,
,,,,,10,626,0.12268172204494476,0.18515728414058685,9.552465780870989e-05,0.00042926400783471763,0.3083638548851013
0.12196900695562363,0.18122929334640503,0.005837932229042053,0.0007019448676146567,0.3097381293773651,11,683,,,,,
,,,,,11,683,0.12227156013250351,0.18491336703300476,9.59860990406014e-05,0.0004921752843074501,0.30777308344841003
0.12372215837240219,0.18057677149772644,0.0015633701113983989,0.00042955580283887684,0.3062918186187744,12,740,,,,,
,,,,,12,740,0.12189259380102158,0.1849103718996048,7.794193516019732e-05,0.00038062792737036943,0.30726152658462524
0.13500508666038513,0.18114376068115234,0.00585332652553916,0.0004570223100017756,0.3224591910839081,13,797,,,,,
,,,,,13,797,0.1213652491569519,0.1848110407590866,7.630926847923547e-05,0.00035401451168581843,0.30660656094551086
0.1431519091129303,0.1808474212884903,0.01647711917757988,0.0005996865802444518,0.3410761058330536,14,854,,,,,
,,,,,14,854,0.12118062376976013,0.18481943011283875,8.576858817832544e-05,0.00039795078919269145,0.30648374557495117
0.12310056388378143,0.18061527609825134,0.00902299489825964,0.00045020796824246645,0.31318899989128113,15,911,,,,,
,,,,,15,911,0.12093426287174225,0.1847945749759674,8.636900747660547e-05,0.00034096112358383834,0.30615609884262085
0.1482420414686203,0.1808837354183197,0.22973284125328064,0.002318421145901084,0.5611770153045654,16,968,,,,,
,,,,,16,968,0.12098514288663864,0.18484847247600555,0.00010183786798734218,0.00038512382889166474,0.3063206076622009
0.13650526106357574,0.1816028356552124,0.0006701505626551807,0.000571215117815882,0.3193494379520416,17,1025,,,,,
,,,,,17,1025,0.12081630527973175,0.1848776787519455,8.668383816257119e-05,0.00043697800720110536,0.30621764063835144
0.13000056147575378,0.18098582327365875,0.004998448770493269,0.0007421125774271786,0.3167269825935364,18,1082,,,,,
,,,,,18,1082,0.12038033455610275,0.1848738044500351,5.9971382142975926e-05,0.0003935166459996253,0.3057076632976532
0.1387832909822464,0.18118718266487122,0.0034392918460071087,0.0006174033624120057,0.3240271210670471,19,1139,,,,,
,,,,,19,1139,0.12530328333377838,0.18489548563957214,0.0012310814345255494,0.0011590586509555578,0.3125888705253601
0.13195621967315674,0.18087440729141235,0.0007383667398244143,0.0003287405415903777,0.3138976991176605,20,1196,,,,,
,,,,,20,1196,0.12378720939159393,0.18515580892562866,0.0003669665311463177,0.0004734744143206626,0.30978354811668396
0.13827446103096008,0.18053552508354187,0.0013380778254941106,0.0002988428168464452,0.3204469084739685,21,1253,,,,,
,,,,,21,1253,0.12315170466899872,0.18488872051239014,0.00024219017359428108,0.00040599305066280067,0.30868858098983765
0.12496711313724518,0.180793896317482,0.00022648613958153874,0.00042648823000490665,0.3064139485359192,22,1310,,,,,
,,,,,22,1310,0.1229904517531395,0.1848132610321045,0.0004645900917239487,0.00045446871081367135,0.30872270464897156
0.12780342996120453,0.18108457326889038,0.00039795468910597265,0.0003060756716877222,0.30959203839302063,23,1367,,,,,
,,,,,23,1367,0.12133952975273132,0.18486732244491577,0.00012783060083165765,0.00039283171645365655,0.3067275583744049
0.1264408826828003,0.1811377853155136,0.0003142906934954226,0.0002318667247891426,0.3081248104572296,24,1424,,,,,
,,,,,24,1424,0.12104354053735733,0.18493890762329102,9.790487820282578e-05,0.0003507549990899861,0.3064311444759369
0.1421540081501007,0.1804620772600174,0.0008885895949788392,0.0004593907215166837,0.32396408915519714,25,1481,,,,,
,,,,,25,1481,0.12113828212022781,0.18495522439479828,8.58612620504573e-05,0.0003813082876149565,0.3065607249736786
0.131419375538826,0.18086625635623932,0.00044580528629012406,0.0002717025054153055,0.31300315260887146,26,1538,,,,,
,,,,,26,1538,0.11985116451978683,0.1849241703748703,6.957090954529122e-05,0.00035812772694043815,0.30520305037498474
0.14021793007850647,0.18085317313671112,0.0004910704446956515,0.00038653824594803154,0.32194870710372925,27,1595,,,,,
,,,,,27,1595,0.11996592581272125,0.1847781389951706,6.537148146890104e-05,0.00028738740365952253,0.3050967752933502
0.13693730533123016,0.18075959384441376,0.0019546516705304384,0.0004053102748002857,0.32005688548088074,28,1652,,,,,
,,,,,28,1652,0.11994632333517075,0.18470878899097443,7.393097621388733e-05,0.00028833371470682323,0.3050173819065094
0.1688782274723053,0.1806606948375702,0.002075744327157736,0.00044168377644382417,0.3520563244819641,29,1709,,,,,
,,,,,29,1709,0.11964299529790878,0.18484988808631897,4.580058157444e-05,0.00035774894058704376,0.30489641427993774
0.14396120607852936,0.1809782236814499,0.000766614219173789,0.00028365847538225353,0.325989693403244,30,1766,,,,,
,,,,,30,1766,0.11953069269657135,0.1848173290491104,4.93985389766749e-05,0.00025101727806031704,0.30464836955070496
0.16329030692577362,0.18104764819145203,0.0016373174730688334,0.00022686441661790013,0.3462021052837372,31,1823,,,,,
,,,,,31,1823,0.11946526169776917,0.18478931486606598,4.743588579003699e-05,0.000259487860603258,0.30456140637397766
0.17870618402957916,0.181086003780365,0.002989943139255047,0.00043748808093369007,0.36321961879730225,32,1880,,,,,
,,,,,32,1880,0.1188851073384285,0.18483391404151917,3.8180529372766614e-05,0.0002701528137549758,0.3040273189544678
0.19130803644657135,0.18057921528816223,0.0028906611260026693,0.00037004798650741577,0.3751479387283325,33,1937,,,,,
,,,,,33,1937,0.11888722330331802,0.18474136292934418,3.740545434993692e-05,0.0002633862604852766,0.3039293885231018
0.1345415711402893,0.18057462573051453,0.0003670424921438098,0.00022417363652493805,0.3157074749469757,34,1994,,,,,
,,,,,34,1994,0.11867635697126389,0.18482550978660583,3.619975541369058e-05,0.00022092631843406707,0.30375900864601135
0.1472863107919693,0.1804468035697937,0.0008985914755612612,0.00038548113661818206,0.32901719212532043,35,2051,,,,,
,,,,,35,2051,0.11860109120607376,0.18483692407608032,3.8631678762612864e-05,0.0002494004147592932,0.30372607707977295
0.1387290507555008,0.1809213012456894,0.0006166963721625507,0.0003193124430254102,0.32058635354042053,36,2108,,,,,
,,,,,36,2108,0.11830086261034012,0.18467776477336884,3.5739205486606807e-05,0.0002255607832921669,0.30323994159698486
0.16030049324035645,0.18064354360103607,0.0013471106067299843,0.00020565329759847373,0.342496782541275,37,2165,,,,,
,,,,,37,2165,0.11855208873748779,0.1846807301044464,3.30796574417036e-05,0.00024207298702094704,0.3035079836845398
0.14187778532505035,0.1805012971162796,0.00048231269465759397,0.00016237683303188533,0.3230237662792206,38,2222,,,,,
,,,,,38,2222,0.1182614341378212,0.1850181668996811,3.1399969884660095e-05,0.0002487646124791354,0.3035598397254944
0.20330025255680084,0.1807907521724701,0.0034258440136909485,0.0002445223508402705,0.38776135444641113,39,2279,,,,,
,,,,,39,2279,0.11842368543148041,0.18472920358181,3.1883155315881595e-05,0.0002099047851515934,0.303394615650177
0.14478671550750732,0.18065473437309265,0.000799336179625243,0.0002546188479755074,0.3264954090118408,40,2336,,,,,
,,,,,40,2336,0.11771538108587265,0.1848480999469757,4.442375939106569e-05,0.00022360196453519166,0.3028315603733063
0.1756482869386673,0.18065589666366577,0.002776823006570339,0.00027888722252100706,0.35935986042022705,41,2393,,,,,
,,,,,41,2393,0.11508781462907791,0.18483677506446838,8.295074076158926e-05,0.00024119809677358717,0.30024874210357666
0.13066695630550385,0.180502250790596,0.0011213921243324876,0.0002965151215903461,0.31258711218833923,42,2450,,,,,
,,,,,42,2450,0.11143779009580612,0.1847902089357376,8.13083752291277e-05,0.00020056120411027223,0.2965098023414612
0.12877880036830902,0.18048948049545288,0.0010255906963720918,0.00019689221517182887,0.3104907274246216,43,2507,,,,,
,,,,,43,2507,0.11005984246730804,0.18474256992340088,5.9674719523172826e-05,0.000189213125850074,0.295051246881485
0.11792796105146408,0.1808226853609085,0.0017840940272435546,0.00024508850765414536,0.3007798194885254,44,2564,,,,,
,,,,,44,2564,0.10929722338914871,0.1847451776266098,4.8018486268119887e-05,0.00019524454546626657,0.2942856252193451
0.11394411325454712,0.1805911660194397,0.00024898326955735683,0.00017809095152188092,0.2949623465538025,45,2621,,,,,
,,,,,45,2621,0.10856117308139801,0.18478669226169586,3.985439980169758e-05,0.0002007502771448344,0.29358845949172974
0.1683827042579651,0.180689737200737,0.00103700568433851,0.0002018479281105101,0.3503113090991974,46,2678,,,,,
,,,,,46,2678,0.10897443443536758,0.18467287719249725,5.059704926679842e-05,0.00017460058734286577,0.2938724756240845
0.1492418497800827,0.18090708553791046,0.0013038150500506163,0.0001724188041407615,0.33162516355514526,47,2735,,,,,
,,,,,47,2735,0.10874650627374649,0.18478402495384216,5.357882764656097e-05,0.00020570076594594866,0.2937898337841034
0.16207155585289001,0.1804344207048416,0.003973325714468956,0.0003763515269383788,0.34685567021369934,48,2792,,,,,
,,,,,48,2792,0.10853365063667297,0.18461973965168,5.4480467952089384e-05,0.0001800742611521855,0.2933879494667053
0.1336471289396286,0.18070416152477264,0.0005576093099080026,0.00024340717936865985,0.31515228748321533,49,2849,,,,,
,,,,,49,2849,0.10809595137834549,0.18468300998210907,4.787616489920765e-05,0.00021226737590041012,0.29303914308547974
0.12547068297863007,0.1805209070444107,0.0005657532601617277,0.00025829020887613297,0.30681562423706055,50,2906,,,,,
,,,,,50,2906,0.10735736787319183,0.18471772968769073,3.778342579607852e-05,0.00019826111383736134,0.2923111319541931
0.12572988867759705,0.1805252730846405,0.0023533091880381107,0.0004039952182210982,0.3090124726295471,51,2963,,,,,
,,,,,51,2963,0.10746339708566666,0.18476518988609314,4.783159965882078e-05,0.00016251567285507917,0.29243895411491394
0.1189819797873497,0.18064694106578827,0.0005478810635395348,0.00024723884416744113,0.3004240095615387,52,3020,,,,,
,,,,,52,3020,0.10727880150079727,0.18471784889698029,3.870098225888796e-05,0.00020958392997272313,0.29224497079849243
0.1434502750635147,0.18046368658542633,0.0007099442300386727,0.0001701390283415094,0.32479405403137207,53,3077,,,,,
,,,,,53,3077,0.10697931051254272,0.18477943539619446,3.436622864683159e-05,0.00019448847160674632,0.2919875681400299
0.14172014594078064,0.18070916831493378,0.0011181001318618655,0.0001868675899459049,0.32373425364494324,54,3134,,,,,
,,,,,54,3134,0.10734637081623077,0.1846984326839447,3.725833448697813e-05,0.00014022173127159476,0.292222261428833
0.13106507062911987,0.180524542927742,0.0004664896405301988,0.00011715676373569295,0.3121732771396637,55,3191,,,,,
,,,,,55,3191,0.10728226602077484,0.18470239639282227,3.844782986561768e-05,0.0001371671532979235,0.2921602129936218
0.12929819524288177,0.18056941032409668,0.0006372809293679893,0.0001879227493191138,0.31069278717041016,56,3248,,,,,
,,,,,56,3248,0.10725931078195572,0.18473750352859497,3.1208208383759484e-05,0.00012778239033650607,0.29215577244758606
0.11231660842895508,0.18097485601902008,0.00015623867511749268,0.00010223071149084717,0.29354989528656006,57,3305,,,,,
,,,,,57,3305,0.1072043851017952,0.18466816842556,3.0623399652540684e-05,0.00012720102677121758,0.29203036427497864
0.1703224629163742,0.18062253296375275,0.0008163184975273907,0.00013838353333994746,0.3518997132778168,58,3362,,,,,
,,,,,58,3362,0.10645129531621933,0.18475086987018585,2.8645870770560578e-05,0.0001349988451693207,0.2913658320903778
0.13397446274757385,0.18054716289043427,0.0009114305139519274,0.00013526505790650845,0.31556832790374756,59,3419,,,,,
,,,,,59,3419,0.10659573972225189,0.18467043340206146,2.8822734748246148e-05,0.00011168604396516457,0.29140669107437134
0.14566990733146667,0.1805967092514038,0.0012544036144390702,0.0002126585750374943,0.3277336657047272,60,3476,,,,,
,,,,,60,3476,0.10685943812131882,0.18465617299079895,2.9323640774236992e-05,0.00011704583448590711,0.29166197776794434
0.11532153189182281,0.18080826103687286,0.000627051224000752,0.00015353239723481238,0.29691043496131897,61,3533,,,,,
,,,,,61,3533,0.10648888349533081,0.1846906989812851,2.9243838071124628e-05,0.0001401097688358277,0.2913488745689392
0.17396847903728485,0.18091320991516113,0.0011699014576151967,0.00017696760187391192,0.3562285304069519,62,3590,,,,,
,,,,,62,3590,0.10639294236898422,0.1847177892923355,2.7667909307638183e-05,0.00012832588981837034,0.2912667393684387
0.1332995742559433,0.18048426508903503,0.0015793428756296635,0.00022364850156009197,0.31558680534362793,63,3647,,,,,
,,,,,63,3647,0.10696357488632202,0.1847073882818222,3.240105797885917e-05,0.0001033830048982054,0.29180675745010376
0.12133809924125671,0.18046221137046814,0.0003867030027322471,6.284138362389058e-05,0.30224984884262085,64,3704,,,,,
,,,,,64,3704,0.10730084776878357,0.18464718759059906,4.635948789655231e-05,0.0001391482219332829,0.29213353991508484
0.12958504259586334,0.1807832568883896,0.0004785544006153941,0.00011208277283003554,0.31095895171165466,65,3761,,,,,
,,,,,65,3761,0.10663057118654251,0.18468381464481354,3.634553650044836e-05,0.0001261204160982743,0.29147687554359436
0.14144136011600494,0.18070082366466522,0.000585339788813144,0.00013304251478984952,0.32286059856414795,66,3818,,,,,
,,,,,66,3818,0.10607390850782394,0.18467244505882263,2.2395104679162614e-05,9.079670417122543e-05,0.2908596098423004
0.11245200783014297,0.18078956007957458,0.0001410792610840872,0.0001170106406789273,0.2934996485710144,67,3875,,,,,
,,,,,67,3875,0.1063557118177414,0.18480397760868073,2.614761069708038e-05,0.00010496970207896084,0.29129084944725037
0.18346157670021057,0.1807604432106018,0.0016216554213315248,0.00013640191173180938,0.3659800887107849,68,3932,,,,,
,,,,,68,3932,0.10652051866054535,0.18472152948379517,2.690188557608053e-05,0.00011187316704308614,0.2913808524608612
0.17855675518512726,0.18067266047000885,0.001327300677075982,0.00010867786477319896,0.3606654107570648,69,3989,,,,,
,,,,,69,3989,0.1069427952170372,0.18460501730442047,3.108200689894147e-05,9.415474050911143e-05,0.29167309403419495
0.13547731935977936,0.180908665060997,0.0007776824641041458,0.00011493232887005433,0.31727859377861023,70,4046,,,,,
,,,,,70,4046,0.10663904249668121,0.1846536546945572,3.256867785239592e-05,0.00011703062045853585,0.29144227504730225
0.14039327204227448,0.1806221306324005,0.0009426184697076678,0.00016854933346621692,0.3221265971660614,71,4103,,,,,
,,,,,71,4103,0.1066351905465126,0.1847129464149475,3.2851567084435374e-05,0.00012264207180123776,0.2915036380290985
0.1271999329328537,0.1804799884557724,0.0006111875409260392,0.00016935683379415423,0.30846044421195984,72,4160,,,,,
,,,,,72,4160,0.10605458170175552,0.18468600511550903,2.880895226553548e-05,0.00010434472642373294,0.29087376594543457
0.1503114253282547,0.1807498037815094,0.0011634585680440068,0.00017006360576488078,0.3323947489261627,73,4217,,,,,
,,,,,73,4217,0.10636033862829208,0.18463364243507385,2.7278099878458306e-05,9.87423918559216e-05,0.29111993312835693
0.12442150712013245,0.18069052696228027,0.0016512882430106401,0.00022531251306645572,0.3069886565208435,74,4274,,,,,
,,,,,74,4274,0.10647019743919373,0.1846267431974411,2.8573829695233144e-05,0.00010009560355683789,0.2912256121635437
0.11313188821077347,0.1805373579263687,0.00025162860401906073,8.432348113274202e-05,0.2940051555633545,75,4331,,,,,
,,,,,75,4331,0.10622551292181015,0.18460699915885925,2.426867649774067e-05,8.131640788633376e-05,0.29093804955482483
0.1653774529695511,0.18072476983070374,0.004611166659742594,0.000310008879750967,0.3510233759880066,76,4388,,,,,
,,,,,76,4388,0.10639777034521103,0.18466156721115112,2.659491656231694e-05,9.024923201650381e-05,0.2911761701107025
0.11942977458238602,0.1805470585823059,0.00026434799656271935,0.000154303023009561,0.30039548873901367,77,4445,,,,,
,,,,,77,4445,0.10608994215726852,0.1846739649772644,2.7468562620924786e-05,0.00010224348807241768,0.2908935546875
0.1651589721441269,0.18053947389125824,0.0012673488818109035,0.00011718328460119665,0.3470829427242279,78,4502,,,,,
,,,,,78,4502,0.10645031929016113,0.1846533566713333,3.3131753298221156e-05,9.348672756459564e-05,0.29123032093048096
0.13512907922267914,0.18065360188484192,0.0006868111668154597,0.0001115337508963421,0.3165810704231262,79,4559,,,,,
,,,,,79,4559,0.10658767819404602,0.18464145064353943,2.916120683948975e-05,9.497087012277916e-05,0.29135316610336304
0.1751161813735962,0.18060415983200073,0.0033427542075514793,0.0003599886258598417,0.35942307114601135,80,4616,,,,,
,,,,,80,4616,0.10625000298023224,0.18471521139144897,2.920592305599712e-05,9.812606731429696e-05,0.29109254479408264
0.11279703676700592,0.18074621260166168,0.00015402286953758448,0.00010226014273939654,0.293799489736557,81,4673,,,,,
,,,,,81,4673,0.10609105229377747,0.1846616417169571,2.654084710229654e-05,8.178490679711103e-05,0.29086098074913025
0.12655895948410034,0.18079045414924622,0.00034803073504008353,0.00010036192543338984,0.3077978193759918,82,4730,,,,,
,,,,,82,4730,0.10571880638599396,0.1846514344215393,2.4901395590859465e-05,9.239332575816661e-05,0.29048749804496765
0.10861653834581375,0.18075090646743774,0.0006697530043311417,0.00016774176037870347,0.2902049422264099,83,4787,,,,,
,,,,,83,4787,0.10640805214643478,0.1847372204065323,3.193888915120624e-05,0.00010441242920933291,0.29128164052963257
0.12895262241363525,0.18060971796512604,0.0005727028474211693,0.00011379393981769681,0.31024885177612305,84,4844,,,,,
,,,,,84,4844,0.10673169791698456,0.1846488118171692,3.414947786950506e-05,8.745564991841093e-05,0.29150205850601196
0.11880364269018173,0.1803986132144928,0.0018778726225718856,0.00036747200647369027,0.3014476001262665,85,4901,,,,,
,,,,,85,4901,0.10572332888841629,0.1846010386943817,2.5915544028976e-05,8.507144229952246e-05,0.2904353439807892
0.11935941129922867,0.1806768774986267,0.0013523079687729478,0.00024899234995245934,0.3016376197338104,86,4958,,,,,
,,,,,86,4958,0.10622389614582062,0.1845240741968155,2.6206924303551205e-05,7.954207103466615e-05,0.29085367918014526
0.1135183796286583,0.18048112094402313,0.00016377028077840805,7.137125066947192e-05,0.29423466324806213,87,5015,,,,,
,,,,,87,5015,0.10632305592298508,0.18474853038787842,2.9515727874240838e-05,0.00010236984235234559,0.29120346903800964
0.11333595216274261,0.18062834441661835,0.00018096299027092755,9.829484770307317e-05,0.29424357414245605,88,5072,,,,,
,,,,,88,5072,0.106302410364151,0.1846006214618683,2.818089342326857e-05,7.209622708614916e-05,0.2910032272338867
0.12352827936410904,0.18040353059768677,0.0007273002993315458,0.0001316762645728886,0.30479076504707336,89,5129,,,,,
,,,,,89,5129,0.10562100261449814,0.18462039530277252,2.5140054276562296e-05,8.57853374327533e-05,0.2903522551059723
0.1251312792301178,0.18064294755458832,0.00021723764075431973,6.209672574186698e-05,0.3060535788536072,90,5186,,,,,
,,,,,90,5186,0.10558677464723587,0.1846432387828827,2.41466004808899e-05,8.157531556207687e-05,0.2903357148170471
0.12204768508672714,0.18046192824840546,0.000660526507999748,0.00012639023771043867,0.3032965362071991,91,5243,,,,,
,,,,,91,5243,0.1061604917049408,0.18457242846488953,2.8287562599871308e-05,6.774915527785197e-05,0.2908288836479187
0.1702793836593628,0.18059222400188446,0.004087886773049831,0.0006394595839083195,0.35559895634651184,92,5300,,,,,
,,,,,92,5300,0.10587162524461746,0.1846960037946701,2.8663060220424086e-05,6.79434888297692e-05,0.2906642258167267
0.11308077722787857,0.18075887858867645,0.0002203355688834563,0.0001723260065773502,0.2942323386669159,93,5357,,,,,
,,,,,93,5357,0.10614696145057678,0.18463651835918427,2.8608283173525706e-05,8.88709764694795e-05,0.29090091586112976
0.12520138919353485,0.18064627051353455,0.0004211857740301639,8.306765084853396e-05,0.306351900100708,94,5414,,,,,
,,,,,94,5414,0.10589858144521713,0.18459908664226532,2.570144170022104e-05,9.33368646656163e-05,0.2906166911125183
0.12905855476856232,0.18053694069385529,0.0004767540085595101,8.934185461839661e-05,0.3101615905761719,95,5471,,,,,
,,,,,95,5471,0.105520099401474,0.18461956083774567,2.5944056687876582e-05,6.679584475932643e-05,0.29023241996765137
0.1654810905456543,0.18048521876335144,0.0009838069090619683,0.00013019061589147896,0.3470803201198578,96,5528,,,,,
,,,,,96,5528,0.10584645718336105,0.1847151219844818,2.943872459582053e-05,7.222418207675219e-05,0.2906632423400879
0.13062500953674316,0.18068569898605347,0.0007856563897803426,0.0001332456013187766,0.31222960352897644,97,5585,,,,,
,,,,,97,5585,0.1058049350976944,0.1845884770154953,2.9211170840426348e-05,6.924226909177378e-05,0.29049187898635864
0.12619277834892273,0.18059386312961578,0.00036710273707285523,0.00014879213995300233,0.3073025643825531,98,5642,,,,,
,,,,,98,5642,0.10609832406044006,0.18466241657733917,3.161556742270477e-05,8.075727964751422e-05,0.29087314009666443
0.12326618283987045,0.18053072690963745,0.00045812680036760867,0.00015211079153232276,0.30440714955329895,99,5699,,,,,
,,,,,99,5699,0.10602996498346329,0.18461987376213074,3.291165558039211e-05,0.0001015928210108541,0.29078438878059387
0.11242743581533432,0.1805928498506546,0.00014892424223944545,0.00010372207907494158,0.2932729721069336,100,5756,,,,,
,,,,,100,5756,0.10576467216014862,0.1846073865890503,3.3239506592508405e-05,8.308263932121918e-05,0.2904883921146393
0.12519003450870514,0.18040332198143005,0.0004677096731029451,9.732934995554388e-05,0.3061583936214447,101,5813,,,,,
,,,,,101,5813,0.1051892414689064,0.18455544114112854,3.877995550283231e-05,7.395318243652582e-05,0.2898573875427246
0.11744200438261032,0.18054421246051788,0.0011004291009157896,0.0001412043784512207,0.29922783374786377,102,5870,,,,,
,,,,,102,5870,0.11223027855157852,0.18478180468082428,0.0003835872339550406,0.0002890275209210813,0.2976846396923065
0.12066742032766342,0.18066060543060303,0.0006156548042781651,9.746007708599791e-05,0.3020411431789398,103,5927,,,,,
,,,,,103,5927,0.10953313857316971,0.18474449217319489,0.00012082084140274674,0.0001090934601961635,0.29450756311416626
0.1123318076133728,0.18053463101387024,0.0004217837704345584,0.00010960950021399185,0.29339781403541565,104,5984,,,,,
,,,,,104,5984,0.10894131660461426,0.18464355170726776,0.00010312721860827878,0.00010160971578443423,0.29378968477249146
0.12028317898511887,0.1806260645389557,0.00042853120248764753,6.0555164964171126e-05,0.30139830708503723,105,6041,,,,,
,,,,,105,6041,0.10797308385372162,0.18455937504768372,8.037791849346831e-05,7.973293395480141e-05,0.2926926016807556
0.11711479723453522,0.1805785745382309,0.0005622511962428689,7.196134538389742e-05,0.2983275353908539,106,6098,,,,,
,,,,,106,6098,0.1077241376042366,0.1846143752336502,6.709456647513434e-05,7.22839540685527e-05,0.29247796535491943
0.11599534004926682,0.18067000806331635,0.00035447697155177593,0.00011408927093725652,0.2971339225769043,107,6155,,,,,
,,,,,107,6155,0.10728323459625244,0.1846400946378708,6.27356639597565e-05,7.954458124004304e-05,0.2920656204223633
0.12215390056371689,0.18044209480285645,0.0005491393385455012,8.265091310022399e-05,0.3032277822494507,108,6212,,,,,
,,,,,108,6212,0.10678573697805405,0.18461723625659943,6.954450509510934e-05,9.765551658347249e-05,0.2915702164173126
0.11990324407815933,0.1805475652217865,0.0005691226106137037,7.658648246433586e-05,0.3010965585708618,109,6269,,,,,
,,,,,109,6269,0.10614679753780365,0.18455487489700317,5.264512219582684e-05,7.769457442918792e-05,0.2908320426940918
0.11287778615951538,0.18085238337516785,0.00019813624385278672,6.019135253154673e-05,0.2939884662628174,110,6326,,,,,
,,,,,110,6326,0.10654108226299286,0.1846192628145218,5.0214908696943894e-05,6.659161590505391e-05,0.291277140378952
0.11380104720592499,0.1804811805486679,0.00031202498939819634,6.686634878860787e-05,0.29466113448143005,111,6383,,,,,
,,,,,111,6383,0.10604987293481827,0.184556782245636,3.739900057553314e-05,5.74079058424104e-05,0.2907014489173889
0.10924243927001953,0.18056419491767883,0.00014739840116817504,6.259198562474921e-05,0.2900165915489197,112,6440,,,,,
,,,,,112,6440,0.10582536458969116,0.18458379805088043,4.030492345918901e-05,5.533892544917762e-05,0.2905048429965973
0.12421771883964539,0.18059077858924866,0.0006027620402164757,6.390401540556923e-05,0.3054751753807068,113,6497,,,,,
,,,,,113,6497,0.10554129630327225,0.18456310033798218,4.0915849240263924e-05,5.7267949159722775e-05,0.29020261764526367
0.11396250873804092,0.18042778968811035,0.00028100746567361057,5.672308907378465e-05,0.29472804069519043,114,6554,,,,,
,,,,,114,6554,0.10557523369789124,0.18452982604503632,3.387686228961684e-05,5.551012509386055e-05,0.29019445180892944
0.12029856443405151,0.18056483566761017,0.00023123598657548428,5.1825169066432863e-05,0.3011464476585388,115,6611,,,,,
,,,,,115,6611,0.10570823401212692,0.18456782400608063,3.599731280701235e-05,5.867050640517846e-05,0.2903706729412079
0.11076626926660538,0.18040022253990173,0.00018224577070213854,4.385751890367828e-05,0.29139265418052673,116,6668,,,,,
,,,,,116,6668,0.10535304993391037,0.18455761671066284,3.467367423581891e-05,4.756702037411742e-05,0.2899928689002991
0.12006457149982452,0.1804092824459076,0.0004849933320656419,6.824797310400754e-05,0.3010271191596985,117,6725,,,,,
,,,,,117,6725,0.10576934367418289,0.18462932109832764,3.325215948279947e-05,5.3944906539982185e-05,0.2904858887195587
0.11281011253595352,0.1804300993680954,0.00016665855946484953,7.59793765610084e-05,0.29348286986351013,118,6782,,,,,
,,,,,118,6782,0.105720654129982,0.18463324010372162,3.444296453380957e-05,6.811378261772916e-05,0.2904564142227173
0.11408194899559021,0.1804947555065155,0.00023867403797339648,4.513393287197687e-05,0.29486051201820374,119,6839,,,,,
,,,,,119,6839,0.1050795316696167,0.18456025421619415,2.9312675906112418e-05,5.859769953531213e-05,0.28972771763801575
0.10863108187913895,0.18058818578720093,0.00011137095862068236,5.9514215536182746e-05,0.2893901467323303,120,6896,,,,,
,,,,,120,6896,0.10602481663227081,0.18459375202655792,3.9087080949684605e-05,4.99417947139591e-05,0.29070761799812317
0.11739722639322281,0.18052935600280762,0.00038929731817916036,6.0001519159413874e-05,0.2983759045600891,121,6953,,,,,
,,,,,121,6953,0.10565490275621414,0.18452326953411102,3.047147583856713e-05,5.184728070162237e-05,0.29026052355766296
0.11122427135705948,0.18053317070007324,0.0001253017398994416,6.119317549746484e-05,0.2919439673423767,122,7010,,,,,
,,,,,122,7010,0.1058693528175354,0.18469056487083435,3.521388862282038e-05,5.759245323133655e-05,0.29065269231796265
0.10638783127069473,0.18040788173675537,6.690620648441836e-05,6.240516086108983e-05,0.2869250178337097,123,7067,,,,,
,,,,,123,7067,0.10588648170232773,0.18454961478710175,3.7329915357986465e-05,5.746060924138874e-05,0.29053089022636414
0.11470325291156769,0.18041889369487762,0.0002635209239087999,5.642066753352992e-05,0.2954420745372772,124,7124,,,,,
,,,,,124,7124,0.10598038136959076,0.18463857471942902,3.151727651129477e-05,5.9576374042080715e-05,0.2907100319862366
0.13100185990333557,0.18051210045814514,0.0003820565761998296,5.675724969478324e-05,0.31195276975631714,125,7181,,,,,
,,,,,125,7181,0.10587821900844574,0.18456964194774628,3.2428724807687104e-05,5.816705379402265e-05,0.290538489818573
0.10838774591684341,0.18039213120937347,0.00014288860256783664,5.883950143470429e-05,0.2889815866947174,126,7238,,,,,
,,,,,126,7238,0.10569658875465393,0.18456870317459106,2.9974842618685216e-05,5.425093331723474e-05,0.2903495132923126
0.1223471462726593,0.18053975701332092,0.0004378817102406174,4.413468559505418e-05,0.3033689558506012,127,7295,,,,,
,,,,,127,7295,0.10563498735427856,0.18456575274467468,3.573585127014667e-05,5.5879736464703456e-05,0.2902923822402954
0.11077705025672913,0.18047994375228882,0.0001107411808334291,5.202011016081087e-05,0.29141977429389954,128,7352,,,,,
,,,,,128,7352,0.10548625141382217,0.1845790594816208,3.245705011067912e-05,6.057950304239057e-05,0.29015839099884033
0.12025726586580276,0.18043175339698792,0.00030077382689341903,6.314383790595457e-05,0.30105292797088623,129,7409,,,,,
,,,,,129,7409,0.10502399504184723,0.18452128767967224,3.529493187670596e-05,5.8322784752817824e-05,0.2896389365196228
0.14836017787456512,0.18050146102905273,0.0009357642265968025,5.691496699000709e-05,0.3298543095588684,130,7466,,,,,
,,,,,130,7466,0.10499964654445648,0.18461188673973083,3.272159301559441e-05,6.559488974744454e-05,0.28970983624458313
0.10727100819349289,0.1805221289396286,9.312590555055067e-05,7.891480345278978e-05,0.28796514868736267,131,7523,,,,,
,,,,,131,7523,0.10464821010828018,0.18451829254627228,3.5935085179517046e-05,7.778096914989874e-05,0.2892802059650421
0.18230372667312622,0.18045766651630402,0.001187558053061366,7.390783866867423e-05,0.3640228807926178,132,7580,,,,,
,,,,,132,7580,0.10532137751579285,0.18453404307365417,3.8093752664281055e-05,6.206967373145744e-05,0.28995564579963684
0.11640433222055435,0.18052929639816284,0.00022175221238285303,4.693973096436821e-05,0.29720228910446167,133,7637,,,,,
,,,,,133,7637,0.10461419075727463,0.1845189779996872,3.36124976456631e-05,6.311654578894377e-05,0.2892298400402069
0.1133807897567749,0.18056434392929077,0.00024690674035809934,7.460518827429041e-05,0.29426664113998413,134,7694,,,,,
,,,,,134,7694,0.10483450442552567,0.18457287549972534,3.0033275834284723e-05,5.900185715290718e-05,0.28949639201164246
0.11674699932336807,0.18067273497581482,0.0002354601165279746,6.815317465225235e-05,0.29772335290908813,135,7751,,,,,
,,,,,135,7751,0.105140320956707,0.1845274120569229,3.379566624062136e-05,5.693855200661346e-05,0.28975847363471985
0.11755762249231339,0.1803881973028183,0.00019557596533559263,3.9700324123259634e-05,0.29818108677864075,136,7808,,,,,
,,,,,136,7808,0.10470319539308548,0.18455824255943298,2.7984051484963857e-05,5.8912872191285715e-05,0.2893483340740204
0.11559060961008072,0.18040548264980316,0.00031762439175508916,6.853629747638479e-05,0.29638221859931946,137,7865,,,,,
,,,,,137,7865,0.10456718504428864,0.18449349701404572,2.9235787224024534e-05,5.418885120889172e-05,0.2891440689563751
0.11119328439235687,0.18043316900730133,0.00015271168376784772,4.656911551137455e-05,0.2918257415294647,138,7922,,,,,
,,,,,138,7922,0.10471947491168976,0.18452009558677673,3.064962584176101e-05,4.962616731063463e-05,0.28931987285614014
0.12439579516649246,0.18046991527080536,0.0004605610156431794,4.481988071347587e-05,0.30537107586860657,139,7979,,,,,
,,,,,139,7979,0.10511394590139389,0.1845284402370453,3.3040127163985744e-05,5.8517223806120455e-05,0.2897339165210724
0.10922068357467651,0.18039613962173462,0.00014599772111978382,5.360660725273192e-05,0.2898164689540863,140,8036,,,,,
,,,,,140,8036,0.10508065670728683,0.18450278043746948,3.0986309866420925e-05,4.766260462929495e-05,0.28966203331947327
0.11931748688220978,0.18056385219097137,0.000497331959195435,5.9643061831593513e-05,0.3004382848739624,141,8093,,,,,
,,,,,141,8093,0.10440519452095032,0.1845138818025589,2.4981723981909454e-05,5.222440086072311e-05,0.28899627923965454
0.13475877046585083,0.18048810958862305,0.0006263268878683448,5.079524271422997e-05,0.3159239888191223,142,8150,,,,,
,,,,,142,8150,0.1043279692530632,0.18454614281654358,2.673608105396852e-05,4.741678276332095e-05,0.28894829750061035
0.112261563539505,0.18069423735141754,0.0001557089271955192,7.289889617823064e-05,0.29318439960479736,143,8207,,,,,
,,,,,143,8207,0.10431826114654541,0.18454472720623016,2.454158129694406e-05,6.031963130226359e-05,0.28894779086112976
0.12028107792139053,0.1806417852640152,0.0004971398157067597,6.483031756943092e-05,0.3014848530292511,144,8264,,,,,
,,,,,144,8264,0.10481993854045868,0.18453136086463928,3.257274875068106e-05,5.1235667342552915e-05,0.28943511843681335
0.13078966736793518,0.18039833009243011,0.0006132840062491596,4.172593617113307e-05,0.31184297800064087,145,8321,,,,,
,,,,,145,8321,0.10440772026777267,0.18455839157104492,2.7344029149389826e-05,4.971555244992487e-05,0.289043128490448
0.11593273282051086,0.18045708537101746,0.00020976713858544827,4.4092710595577955e-05,0.2966436743736267,146,8378,,,,,
,,,,,146,8378,0.10428560525178909,0.18452776968479156,2.4394070351263508e-05,4.5638811570825055e-05,0.28888338804244995
0.11596953868865967,0.1806609332561493,0.00026660203002393246,4.100880687474273e-05,0.29693809151649475,147,8435,,,,,
,,,,,147,8435,0.10445267707109451,0.18454134464263916,2.7746442356146872e-05,4.6731500333407894e-05,0.2890684902667999
0.10777167230844498,0.18038131296634674,6.648511771345511e-05,3.842439400614239e-05,0.2882578670978546,148,8492,,,,,
,,,,,148,8492,0.10417329519987106,0.18458254635334015,2.624732042022515e-05,5.055439396528527e-05,0.28883275389671326
0.17452605068683624,0.1806187927722931,0.006057194899767637,0.0003666318953037262,0.3615686893463135,149,8549,,,,,
,,,,,149,8549,0.11198887228965759,0.18462808430194855,0.0003910443338099867,0.00029595589148811996,0.2973039150238037
0.13103598356246948,0.18053515255451202,0.0027222244534641504,0.0001434572332073003,0.31443682312965393,150,8606,,,,,
,,,,,150,8606,0.11103537678718567,0.18466739356517792,0.000153140994370915,0.0001625994045753032,0.2960183918476105
0.12306642532348633,0.18042290210723877,0.0005772669683210552,0.00018893076048698276,0.30425551533699036,151,8663,,,,,
,,,,,151,8663,0.1093263253569603,0.18457336723804474,8.714420982869342e-05,9.372842032462358e-05,0.29408058524131775
0.10931432247161865,0.18039599061012268,0.00020916806533932686,0.00013917265459895134,0.2900586426258087,152,8720,,,,,
,,,,,152,8720,0.10836004465818405,0.18453200161457062,0.00012442347360774875,0.0001130844684666954,0.2931295335292816
0.10881897062063217,0.1803884655237198,0.00018031714716926217,8.639741281513125e-05,0.28947415947914124,153,8777,,,,,
,,,,,153,8777,0.10758815705776215,0.18452489376068115,9.140737529378384e-05,0.00013022178609389812,0.2923346757888794
0.11182774603366852,0.18046380579471588,0.00024876478710211813,6.43324019620195e-05,0.29260459542274475,154,8834,,,,,
,,,,,154,8834,0.10737700760364532,0.18453314900398254,7.682204886805266e-05,9.138318273471668e-05,0.2920783758163452
0.11198029667139053,0.1804981529712677,0.00047891552094370127,6.312653567874804e-05,0.29302045702934265,155,8891,,,,,
,,,,,155,8891,0.10720926523208618,0.18448616564273834,6.93970505381003e-05,5.919986870139837e-05,0.2918240427970886
0.1083148792386055,0.18050208687782288,0.0003359506372362375,5.538889308809303e-05,0.289208322763443,156,8948,,,,,
,,,,,156,8948,0.1058812290430069,0.18448993563652039,5.8255587646272033e-05,5.523107756744139e-05,0.2904846966266632
0.11128556728363037,0.1805693656206131,0.0002416423085378483,5.9632904594764113e-05,0.2921561896800995,157,9005,,,,,
,,,,,157,9005,0.10562005639076233,0.1845221221446991,7.068634295137599e-05,6.560077599715441e-05,0.29027852416038513
0.10974778980016708,0.18044979870319366,0.00019218791567254812,6.126894004410133e-05,0.2904510200023651,158,9062,,,,,
,,,,,158,9062,0.106429323554039,0.1844930797815323,9.561521437717602e-05,7.288112828973681e-05,0.2910909354686737
0.11048052459955215,0.18051064014434814,0.00016188682639040053,5.5032451200531796e-05,0.29120808839797974,159,9119,,,,,
,,,,,159,9119,0.10621025413274765,0.1844814121723175,5.501162013388239e-05,5.182978566153906e-05,0.29079848527908325
0.1086135283112526,0.1804836392402649,0.00018445543537382036,7.155718049034476e-05,0.2893531322479248,160,9176,,,,,
,,,,,160,9176,0.10531751811504364,0.1844613403081894,4.3815722165163606e-05,5.9446156228659675e-05,0.289882093667984
0.10871142148971558,0.18047180771827698,0.00010048547846963629,5.65842492505908e-05,0.2893403172492981,161,9233,,,,,
,,,,,161,9233,0.1046694666147232,0.1845121532678604,3.986404772149399e-05,6.381788989529014e-05,0.289285272359848
0.11500073224306107,0.1803804486989975,0.00019232623162679374,4.2540730646578595e-05,0.2956160604953766,162,9290,,,,,
,,,,,162,9290,0.10536383837461472,0.18450453877449036,4.084017564309761e-05,5.2614621381508186e-05,0.2899617552757263
0.11057990789413452,0.18048039078712463,0.00017806787218432873,5.0923241360578686e-05,0.2912892997264862,163,9347,,,,,
,,,,,163,9347,0.10471444576978683,0.18447771668434143,3.945686330553144e-05,4.937460471410304e-05,0.2892809212207794
0.10937963426113129,0.18044444918632507,0.0014324578223749995,8.403304673265666e-05,0.29134058952331543,164,9404,,,,,
,,,,,164,9404,0.10502564907073975,0.18447966873645782,3.999151158495806e-05,5.303977377479896e-05,0.28959834575653076
0.11641743034124374,0.18038097023963928,0.00034385299659334123,5.299430267768912e-05,0.2971952557563782,165,9461,,,,,
,,,,,165,9461,0.104815274477005,0.18445654213428497,3.4557080653030425e-05,4.615437501342967e-05,0.2893525958061218
0.11089566349983215,0.18039238452911377,0.0002640358579810709,5.8747926232172176e-05,0.29161083698272705,166,9518,,,,,
,,,,,166,9518,0.10506614297628403,0.18451902270317078,3.58538563887123e-05,5.283364953356795e-05,0.2896738350391388
0.1091284304857254,0.18051689863204956,0.0001305896876147017,5.100377893541008e-05,0.2898269295692444,167,9575,,,,,
,,,,,167,9575,0.1050247997045517,0.18449988961219788,3.8660422433167696e-05,4.540602822089568e-05,0.28960880637168884
0.11163250356912613,0.18043096363544464,0.00036684292717836797,5.610082371276803e-05,0.29248642921447754,168,9632,,,,,
,,,,,168,9632,0.10474331676959991,0.18456026911735535,3.2259802537737414e-05,5.1388717110967264e-05,0.2893872559070587
0.11198196560144424,0.18052570521831512,0.00035436515463516116,4.660861668526195e-05,0.292908638715744,169,9689,,,,,
,,,,,169,9689,0.104591503739357,0.1845136284828186,3.338217720738612e-05,5.202614192967303e-05,0.2891904413700104
0.111423559486866,0.18047930300235748,0.0005316086462698877,5.5316329962806776e-05,0.2924897372722626,170,9746,,,,,
,,,,,170,9746,0.10460639744997025,0.18448273837566376,2.9876900953240693e-05,4.2631359974620864e-05,0.2891616225242615
0.11392286419868469,0.1804652214050293,0.000322368141496554,4.41621923528146e-05,0.29475462436676025,171,9803,,,,,
,,,,,171,9803,0.10423531383275986,0.18448740243911743,3.0413310014409944e-05,5.12819315190427e-05,0.28880444169044495
0.1079888567328453,0.18042975664138794,0.0001515097974333912,4.0429371438222006e-05,0.2886105179786682,172,9860,,,,,
,,,,,172,9860,0.10435990244150162,0.18451063334941864,2.955553100036923e-05,3.9733597077429295e-05,0.28893980383872986
0.11527653783559799,0.18053632974624634,0.00019684321887325495,6.458896677941084e-05,0.2960743010044098,173,9917,,,,,
,,,,,173,9917,0.10484044253826141,0.18450012803077698,3.4880962630268186e-05,4.626839654520154e-05,0.2894216775894165
0.1086064949631691,0.1804143637418747,0.00020655454136431217,4.240985435899347e-05,0.2892698645591736,174,9974,,,,,
,,,,,174,9974,0.10486005246639252,0.18448515236377716,3.0145827622618526e-05,4.414642899064347e-05,0.2894195020198822
0.11085709184408188,0.1804313063621521,0.0002506255405023694,3.689747609314509e-05,0.2915758788585663,175,10031,,,,,
,,,,,175,10031,0.10480102151632309,0.18448975682258606,3.0566618079319596e-05,4.209276085020974e-05,0.28936341404914856
0.1102747768163681,0.1804209202528,0.00022412798716686666,3.916865898645483e-05,0.2909590005874634,176,10088,,,,,
,,,,,176,10088,0.10444389283657074,0.18449637293815613,2.4620771000627428e-05,3.77976248273626e-05,0.2890027165412903
0.10558009147644043,0.1804003119468689,6.820591806899756e-05,4.065445682499558e-05,0.2860892415046692,177,10145,,,,,
,,,,,177,10145,0.10409100353717804,0.18447533249855042,2.5259087124140933e-05,3.7088291719555855e-05,0.2886286973953247
0.11136200278997421,0.1804472953081131,0.0004097740165889263,4.251036807545461e-05,0.29226160049438477,178,10202,,,,,
,,,,,178,10202,0.10429730266332626,0.18446221947669983,2.679126373550389e-05,4.183376586297527e-05,0.2888281047344208
0.11047473549842834,0.18040111660957336,0.0001335491397185251,5.289497130434029e-05,0.29106226563453674,179,10259,,,,,
,,,,,179,10259,0.10424839705228806,0.1844695657491684,2.6913292458630167e-05,3.574919537641108e-05,0.2887806296348572
0.10800936073064804,0.18045605719089508,0.00011053297930629924,3.4081400372087955e-05,0.28861004114151,180,10316,,,,,
,,,,,180,10316,0.1044931635260582,0.18450391292572021,2.8367658160277642e-05,3.699820445035584e-05,0.2890624701976776
0.10815644264221191,0.1803869605064392,0.0002552429505158216,3.801810089498758e-05,0.28883665800094604,181,10373,,,,,
,,,,,181,10373,0.10437335073947906,0.184453085064888,2.7917178158531897e-05,3.5898745409213006e-05,0.2888902723789215
0.11366739869117737,0.18049979209899902,0.0002455530920997262,3.384884257684462e-05,0.2944466769695282,182,10430,,,,,
,,,,,182,10430,0.10468123853206635,0.1844806671142578,3.123673377558589e-05,3.979608663939871e-05,0.28923290967941284
0.1147511675953865,0.1804591417312622,0.00017531048797536641,3.537951852194965e-05,0.2954210340976715,183,10487,,,,,
,,,,,183,10487,0.10418125241994858,0.18449443578720093,3.627094338298775e-05,3.8069309084676206e-05,0.2887501120567322
0.12059807777404785,0.1804678589105606,0.000309093069517985,3.4120090276701376e-05,0.30140915513038635,184,10544,,,,,
,,,,,184,10544,0.1045871451497078,0.1845070719718933,3.157764513161965e-05,3.5949022276327014e-05,0.289161741733551
0.1092299073934555,0.18043628334999084,9.91824854281731e-05,3.059722439502366e-05,0.28979599475860596,185,10601,,,,,
,,,,,185,10601,0.10452454537153244,0.18449001014232635,2.645244967425242e-05,3.8462432712549344e-05,0.2890794575214386
0.11587664484977722,0.18042725324630737,0.00017644923354964703,4.93781226396095e-05,0.2965296804904938,186,10658,,,,,
,,,,,186,10658,0.10428288578987122,0.18448016047477722,2.7666934329317883e-05,3.6933655792381614e-05,0.2888275980949402
0.11117065697908401,0.1805349439382553,0.00019485120719764382,3.614173692767508e-05,0.29193663597106934,187,10715,,,,,
,,,,,187,10715,0.10417625308036804,0.1845283955335617,2.8216098144184798e-05,4.1819010220933706e-05,0.28877466917037964
0.10876745730638504,0.1804361492395401,0.0002045763103524223,3.436458428041078e-05,0.2894425690174103,188,10772,,,,,
,,,,,188,10772,0.10417307168245316,0.18450233340263367,2.5464956706855446e-05,3.8048106944188476e-05,0.2887389361858368
0.11019157618284225,0.1804399937391281,0.00012576142034959048,3.971919068135321e-05,0.29079705476760864,189,10829,,,,,
,,,,,189,10829,0.10427331179380417,0.18451698124408722,3.069850572501309e-05,4.003123103757389e-05,0.28886106610298157
0.10635595768690109,0.18041333556175232,0.00013220423716120422,4.139796510571614e-05,0.28694289922714233,190,10886,,,,,
,,,,,190,10886,0.10380762070417404,0.18450577557086945,2.2973583327257074e-05,3.5013970773434266e-05,0.2883714437484741
0.11404389142990112,0.18036888539791107,0.0001406048977514729,3.4094748116331175e-05,0.29458746314048767,191,10943,,,,,
,,,,,191,10943,0.1042904257774353,0.18454256653785706,2.5391364033566788e-05,3.8013084122212604e-05,0.288896381855011
0.14222575724124908,0.180564746260643,0.0017852118471637368,6.16549514234066e-05,0.3246373236179352,192,11000,,,,,
,,,,,192,11000,0.10435928404331207,0.18443825840950012,2.742249853326939e-05,3.41347222274635e-05,0.2888590097427368
0.10670583695173264,0.18043619394302368,5.66110793442931e-05,3.6678695323644206e-05,0.2872353494167328,193,11057,,,,,
,,,,,193,11057,0.10482163727283478,0.1844964623451233,5.431628233054653e-05,3.9070007915142924e-05,0.2894114553928375
0.1146933063864708,0.18036256730556488,0.0002580117725301534,3.642765659606084e-05,0.2953503131866455,194,11114,,,,,
,,,,,194,11114,0.1046488806605339,0.184502974152565,2.8087206374038942e-05,3.3232550777029246e-05,0.289213091135025
0.1151813417673111,0.18047013878822327,0.0003799309197347611,3.597126487875357e-05,0.29606735706329346,195,11171,,,,,
,,,,,195,11171,0.10448900610208511,0.18449920415878296,2.717398456297815e-05,3.48807661794126e-05,0.28905025124549866
0.1077323779463768,0.18055957555770874,0.00010783538164105266,3.2246167393168435e-05,0.2884320020675659,196,11228,,,,,
,,,,,196,11228,0.10421054065227509,0.18449699878692627,2.5604735128581524e-05,3.871142689604312e-05,0.2887718379497528
0.11176300048828125,0.1804342120885849,0.00014184281462803483,4.8542642616666853e-05,0.29238760471343994,197,11285,,,,,
,,,,,197,11285,0.10416680574417114,0.18451182544231415,2.739013871178031e-05,4.1965377022279426e-05,0.28874799609184265
0.10790711641311646,0.1805446892976761,8.186321065295488e-05,4.02309451601468e-05,0.2885739207267761,198,11342,,,,,
,,,,,198,11342,0.10387788712978363,0.1844385862350464,2.4275484975078143e-05,3.4992481232620776e-05,0.28837576508522034
0.10551878064870834,0.18041552603244781,6.034685065969825e-05,3.5691045923158526e-05,0.28603029251098633,199,11399,,,,,
,,,,,199,11399,0.104398213326931,0.18446891009807587,2.433470763207879e-05,3.7984373193467036e-05,0.28892940282821655
0.11445578187704086,0.18060822784900665,0.0001941859518410638,4.508577330852859e-05,0.2953033149242401,200,11456,,,,,
,,,,,200,11456,0.10391703248023987,0.18453562259674072,2.3828035409678705e-05,3.8413960282923654e-05,0.2885148823261261
0.10679303854703903,0.18061503767967224,0.00010137711797142401,4.030905256513506e-05,0.2875497341156006,201,11513,,,,,
,,,,,201,11513,0.10362779349088669,0.18446964025497437,2.1840269255335443e-05,3.765897054108791e-05,0.2881568670272827
0.110304094851017,0.18052153289318085,0.00012674240861088037,3.625034150900319e-05,0.29098859429359436,202,11570,,,,,
,,,,,202,11570,0.10399943590164185,0.18448784947395325,2.2826117856311612e-05,3.358109825057909e-05,0.288543701171875
0.1091257780790329,0.1805066466331482,6.240665243240073e-05,3.384880619705655e-05,0.28972867131233215,203,11627,,,,,
,,,,,203,11627,0.104033924639225,0.1844387650489807,2.557857624196913e-05,3.60337617166806e-05,0.2885343134403229
0.11233750730752945,0.18041019141674042,0.00012268891441635787,2.9634487873408943e-05,0.292900025844574,204,11684,,,,,
,,,,,204,11684,0.10379108041524887,0.18451112508773804,2.1988000298733823e-05,3.664138421299867e-05,0.2883608341217041
0.10639430582523346,0.18052750825881958,0.00013271166244521737,3.276297866250388e-05,0.28708726167678833,205,11741,,,,,
,,,,,205,11741,0.1035509929060936,0.18447764217853546,2.295368176419288e-05,3.6662797356257215e-05,0.28808820247650146
0.1090918630361557,0.18038682639598846,8.396877092309296e-05,3.240187652409077e-05,0.2895950376987457,206,11798,,,,,
,,,,,206,11798,0.10343698412179947,0.18446066975593567,2.379378565819934e-05,3.4889519156422466e-05,0.2879563271999359
0.11502474546432495,0.18048930168151855,0.0001991079334402457,3.6235465813660994e-05,0.29574936628341675,207,11855,,,,,
,,,,,207,11855,0.10407629609107971,0.18441227078437805,2.8489232136053033e-05,3.077334622503258e-05,0.2885477542877197
0.11277314275503159,0.1805759072303772,0.00022118100605439395,3.88158077839762e-05,0.293609082698822,208,11912,,,,,
,,,,,208,11912,0.10423601418733597,0.1844555288553238,3.339280738146044e-05,3.8131729525048286e-05,0.2887631058692932
0.10691820830106735,0.18052557110786438,8.439864177489653e-05,3.635055327322334e-05,0.2875645160675049,209,11969,,,,,
,,,,,209,11969,0.10379334539175034,0.18445459008216858,3.13088639813941e-05,3.816156822722405e-05,0.28831738233566284
0.11532554030418396,0.18042737245559692,0.0002749288105405867,6.235239561647177e-05,0.29609018564224243,210,12026,,,,,
,,,,,210,12026,0.10334368050098419,0.18451201915740967,3.0281164072221145e-05,4.1147453885059804e-05,0.2879270911216736
0.10819955915212631,0.18042771518230438,0.0002508049947209656,6.483126344392076e-05,0.2889428734779358,211,12083,,,,,
,,,,,211,12083,0.10372375696897507,0.18452894687652588,3.250232111895457e-05,4.853485370404087e-05,0.28833383321762085
0.11106017231941223,0.18038690090179443,0.0002242325572296977,6.427898188121617e-05,0.29173558950424194,212,12140,,,,,
,,,,,212,12140,0.10353095829486847,0.18456000089645386,2.668238630576525e-05,5.7209657825296745e-05,0.28817492723464966
0.11857891082763672,0.18051677942276,0.00031182487145997584,3.601951902965084e-05,0.2994435131549835,213,12197,,,,,
,,,,,213,12197,0.10321281850337982,0.18448412418365479,2.587341623438988e-05,4.1577648516977206e-05,0.28776437044143677
0.1138824000954628,0.18048612773418427,0.0003564024227671325,4.401248224894516e-05,0.29476895928382874,214,12254,,,,,
,,,,,214,12254,0.10315737873315811,0.1844390332698822,2.3915237761684693e-05,3.9250324334716424e-05,0.287659615278244
0.10509157925844193,0.1804753690958023,7.445127994287759e-05,3.4488155506551266e-05,0.28567588329315186,215,12311,,,,,
,,,,,215,12311,0.10322362184524536,0.18444626033306122,2.420102282485459e-05,3.773760181502439e-05,0.287731796503067
0.11923044919967651,0.18049480020999908,0.0007235532975755632,6.742688856320456e-05,0.3005162477493286,216,12368,,,,,
,,,,,216,12368,0.10300875455141068,0.18445289134979248,2.7213876819587313e-05,3.962056871387176e-05,0.28752848505973816
0.110082246363163,0.1805119514465332,0.00013182683323975652,4.0531958802603185e-05,0.29076653718948364,217,12425,,,,,
,,,,,217,12425,0.1031397357583046,0.18442696332931519,2.7508565835887566e-05,4.254051600582898e-05,0.28763681650161743
0.10639744997024536,0.18045681715011597,0.00015039488789625466,3.761256084544584e-05,0.2870422899723053,218,12482,,,,,
,,,,,218,12482,0.10338947176933289,0.1844189614057541,2.679318276932463e-05,3.652956002042629e-05,0.28787168860435486
0.11720295995473862,0.1804094910621643,0.00019917199097108096,5.463666093419306e-05,0.29786625504493713,219,12539,,,,,
,,,,,219,12539,0.10340527445077896,0.18445712327957153,2.584109824965708e-05,4.468512270250358e-05,0.28793296217918396
0.11142519116401672,0.18060170114040375,0.0003113809507340193,4.925174289382994e-05,0.29238757491111755,220,12596,,,,,
,,,,,220,12596,0.10332880169153214,0.1844906061887741,2.8874354029539973e-05,4.598155283019878e-05,0.2878943085670471
0.1068391278386116,0.18048320710659027,0.0002005810383707285,4.9029054935090244e-05,0.2875719368457794,221,12653,,,,,
,,,,,221,12653,0.10289586335420609,0.1844574362039566,2.4037879484239966e-05,3.9691727579338476e-05,0.2874170243740082
0.11312557756900787,0.1804455667734146,0.00021085496700834483,5.557869008043781e-05,0.2938375771045685,222,12710,,,,,
,,,,,222,12710,0.1028701663017273,0.18441490828990936,2.1683055820176378e-05,4.508943311520852e-05,0.2873518466949463
0.12489520013332367,0.18046312034130096,0.00024089751241263002,5.456518556457013e-05,0.30565381050109863,223,12767,,,,,
,,,,,223,12767,0.10332703590393066,0.1844291388988495,2.2099775378592312e-05,4.21689182985574e-05,0.2878204584121704
0.10657191276550293,0.18051792681217194,0.00011079033720307052,5.275347939459607e-05,0.28725337982177734,224,12824,,,,,
,,,,,224,12824,0.1033383160829544,0.18442076444625854,2.6286381398676895e-05,5.0611444748938084e-05,0.2878360152244568
0.10949535667896271,0.18058739602565765,0.00010438780736876652,5.399327346822247e-05,0.2902411222457886,225,12881,,,,,
,,,,,225,12881,0.10341101884841919,0.18437406420707703,2.452304761391133e-05,4.850274126511067e-05,0.2878580391407013
0.11636844277381897,0.1804553121328354,0.0001922894298331812,7.816357538104057e-05,0.2970942258834839,226,12938,,,,,
,,,,,226,12938,0.10340438038110733,0.18444037437438965,2.8468391974456608e-05,6.02188847551588e-05,0.28793346881866455
0.12059558928012848,0.18046829104423523,0.0002825487172231078,8.849335426930338e-05,0.3014349341392517,227,12995,,,,,
,,,,,227,12995,0.10311752557754517,0.1843852698802948,3.0952785891713575e-05,7.58665191824548e-05,0.28760960698127747
0.10640895366668701,0.18063203990459442,0.00019165017874911427,0.00016546402184758335,0.2873981297016144,228,13052,,,,,
,,,,,228,13052,0.1028282418847084,0.18431800603866577,2.6634159439709038e-05,9.321458492195234e-05,0.2872661352157593
0.124143086373806,0.18055598437786102,0.0008962478023022413,0.00012548864469863474,0.30572083592414856,229,13109,,,,,
,,,,,229,13109,0.10322411358356476,0.18426840007305145,2.704749749682378e-05,9.9750621302519e-05,0.28761929273605347
0.11070311069488525,0.18082642555236816,0.00023051400785334408,0.0001316293200943619,0.2918916642665863,230,13166,,,,,
,,,,,230,13166,0.10349241644144058,0.18412984907627106,3.275810740888119e-05,0.00012759462697431445,0.28778260946273804
0.11167117953300476,0.1806846410036087,0.00023637546109966934,0.00017186386685352772,0.29276400804519653,231,13223,,,,,
,,,,,231,13223,0.10339518636465073,0.1840626448392868,2.5454475689912215e-05,0.00019892318232450634,0.28768226504325867
0.11043044179677963,0.1808832734823227,0.00022180128144100308,0.00023584697919432074,0.29177141189575195,232,13280,,,,,
,,,,,232,13280,0.10309580713510513,0.18387006223201752,2.5728744731168263e-05,0.00024402316194027662,0.2872356176376343
0.11138331890106201,0.1806410253047943,0.00022049740073271096,0.0004064587119501084,0.29265132546424866,233,13337,,,,,
,,,,,233,13337,0.10320506244897842,0.18363571166992188,3.578629912226461e-05,0.00033899667323566973,0.2872155010700226
0.11494679749011993,0.18065685033798218,0.0004882079956587404,0.00037425794289447367,0.2964661121368408,234,13394,,,,,
,,,,,234,13394,0.10313528776168823,0.18346047401428223,3.2238098356174305e-05,0.00039209274109452963,0.28702014684677124
0.10623343288898468,0.18078932166099548,0.00016621625400148332,0.0006015438120812178,0.28779053688049316,235,13451,,,,,
,,,,,235,13451,0.10326851159334183,0.18329307436943054,3.602948709158227e-05,0.0004887723480351269,0.2870863676071167
0.11107063293457031,0.1808323860168457,0.00033733644522726536,0.00043603809899650514,0.2926764190196991,236,13508,,,,,
,,,,,236,13508,0.10288090258836746,0.18288713693618774,3.075660424656235e-05,0.0006325947470031679,0.28643134236335754
0.10707232356071472,0.18086068332195282,0.00011941516277147457,0.0006897210259921849,0.2887421250343323,237,13565,,,,,
,,,,,237,13565,0.10293038934469223,0.18232086300849915,2.9586415621452034e-05,0.0008560105925425887,0.2861368954181671
0.10863035172224045,0.18097737431526184,0.000275218888418749,0.0007399814785458148,0.29062288999557495,238,13622,,,,,
,,,,,238,13622,0.10276414453983307,0.18199604749679565,2.8325672246864997e-05,0.0009923967299982905,0.28578096628189087
0.11058851331472397,0.18095211684703827,0.00017284350178670138,0.000832555815577507,0.29254603385925293,239,13679,,,,,
,,,,,239,13679,0.10260546207427979,0.18170157074928284,2.8901367841172032e-05,0.0011204660404473543,0.28545644879341125
0.10946965217590332,0.18079444766044617,0.00020179623970761895,0.0007412037230096757,0.29120710492134094,240,13736,,,,,
,,,,,240,13736,0.10285727679729462,0.18137085437774658,3.079263478866778e-05,0.0013216964434832335,0.2855806350708008
0.11039026826620102,0.18106774985790253,0.00023615029931534082,0.0009183246875181794,0.2926124930381775,241,13793,,,,,
,,,,,241,13793,0.10268097370862961,0.18083319067955017,2.9674936740775593e-05,0.0015003931475803256,0.28504425287246704
0.11109679937362671,0.18089836835861206,0.0001553838374093175,0.0009306751890107989,0.2930811941623688,242,13850,,,,,
,,,,,242,13850,0.10371869802474976,0.18071824312210083,6.087794463383034e-05,0.0015315002528950572,0.2860293388366699
0.10679147392511368,0.1809948831796646,0.0001222649880219251,0.0009608512045815587,0.2888694405555725,243,13907,,,,,
,,,,,243,13907,0.10274692624807358,0.18027041852474213,3.3154607081087306e-05,0.001797027187421918,0.2848474979400635
0.10742967575788498,0.1815311163663864,0.00019917997997254133,0.0013407806400209665,0.2905007600784302,244,13964,,,,,
,,,,,244,13964,0.10262696444988251,0.18000391125679016,3.309908424853347e-05,0.001892533735372126,0.28455650806427
0.10870955139398575,0.18109774589538574,0.0001448512339266017,0.0010707501787692308,0.2910228967666626,245,14021,,,,,
,,,,,245,14021,0.10270031541585922,0.17971006035804749,3.521226972225122e-05,0.002087309956550598,0.28453293442726135
0.10588619112968445,0.18108610808849335,0.00010705068416427821,0.0011144770542159677,0.28819382190704346,246,14078,,,,,
,,,,,246,14078,0.10289543867111206,0.17947234213352203,3.411836223676801e-05,0.002148617058992386,0.2845505475997925
0.10961757600307465,0.18128672242164612,0.000194988984731026,0.0011270752875134349,0.2922264039516449,247,14135,,,,,
,,,,,247,14135,0.10293511301279068,0.17927999794483185,3.447736526140943e-05,0.0022686049342155457,0.28451821208000183
0.1063242107629776,0.18183362483978271,0.00015006244939286262,0.0012428429909050465,0.2895507216453552,248,14192,,,,,
,,,,,248,14192,0.10252362489700317,0.17895260453224182,2.963817496492993e-05,0.0023851690348237753,0.283890962600708
0.1114310473203659,0.18128986656665802,0.00023357792815659195,0.001059266272932291,0.29401373863220215,249,14249,,,,,
,,,,,249,14249,0.1025841012597084,0.17849689722061157,3.0410792533075437e-05,0.0026830011047422886,0.28379449248313904
0.1118786633014679,0.1813739389181137,0.00022819590230938047,0.001262975623831153,0.29474377632141113,250,14306,,,,,
,,,,,250,14306,0.10308816283941269,0.17829357087612152,3.491495954222046e-05,0.002746592741459608,0.2841632068157196
0.10858666896820068,0.1851527988910675,0.0002031527692452073,0.002360007492825389,0.2963026463985443,251,14363,,,,,
,,,,,251,14363,0.10396184772253036,0.1773533821105957,5.658448571921326e-05,0.001973984530195594,0.2833458185195923
0.10740120708942413,0.18683846294879913,0.000213333623833023,0.0027797301299870014,0.2972327172756195,252,14420,,,,,
,,,,,252,14420,0.10344010591506958,0.17668002843856812,5.313410292728804e-05,0.0006565541261807084,0.2808298170566559
0.10864580422639847,0.184520423412323,0.00012816056550946087,0.002445522928610444,0.29573988914489746,253,14477,,,,,
,,,,,253,14477,0.10335186868906021,0.1755867749452591,5.2559760661097243e-05,0.0007611000910401344,0.2797524034976959
0.11379820853471756,0.18872873485088348,0.00019745562167372555,0.0030380908865481615,0.30576249957084656,254,14534,,,,,
,,,,,254,14534,0.10317039489746094,0.17510351538658142,4.45560144726187e-05,0.0004593199410010129,0.27877774834632874
0.1067032739520073,0.18930840492248535,0.0001515039475634694,0.0038350324612110853,0.2999982237815857,255,14591,,,,,
,,,,,255,14591,0.10309508442878723,0.17394807934761047,4.555438135867007e-05,0.0004896991886198521,0.27757835388183594
0.1099596843123436,0.18681956827640533,0.00015493176761083305,0.0030194639693945646,0.2999536395072937,256,14648,,,,,
,,,,,256,14648,0.10296058654785156,0.17340408265590668,4.029787305626087e-05,0.0007039288175292313,0.27710890769958496
0.11442738026380539,0.1901039034128189,0.00013698471593670547,0.0034122993238270283,0.3080805838108063,257,14705,,,,,
,,,,,257,14705,0.10273239761590958,0.17231576144695282,3.942458351957612e-05,0.0004733686218969524,0.2755609154701233
0.10473417490720749,0.1842796802520752,7.135760824894533e-05,0.003030218183994293,0.29211539030075073,258,14762,,,,,
,,,,,258,14762,0.10329239815473557,0.17180365324020386,4.506538243731484e-05,0.0005590792279690504,0.2757001519203186
0.10663581639528275,0.1853739321231842,0.00020376512838993222,0.004184891004115343,0.296398401260376,259,14819,,,,,
,,,,,259,14819,0.10297840088605881,0.1712300032377243,4.473941953619942e-05,0.0004088747373316437,0.27466192841529846
0.10612491518259048,0.18732520937919617,7.586065476061776e-05,0.003626902587711811,0.29715287685394287,260,14876,,,,,
,,,,,260,14876,0.10282454639673233,0.17072656750679016,3.990910045104101e-05,0.00038397349999286234,0.2739749848842621
0.10537713766098022,0.18920409679412842,8.892991172615439e-05,0.0029568285681307316,0.2976270020008087,261,14933,,,,,
,,,,,261,14933,0.10244197398424149,0.17022168636322021,4.1189206967828795e-05,0.0004696268879342824,0.2731744349002838
0.10488519072532654,0.18726995587348938,9.090138337342069e-05,0.002866145921871066,0.2951121926307678,262,14990,,,,,
,,,,,262,14990,0.1023840382695198,0.16986770927906036,3.5883273085346445e-05,0.0004421656485646963,0.2727298140525818
0.10575520247220993,0.1853632777929306,0.00010307955380994827,0.0026911140885204077,0.2939126491546631,263,15047,,,,,
,,,,,263,15047,0.10260304808616638,0.16946037113666534,4.3146603275090456e-05,0.00040539854671806097,0.2725120186805725
0.10617898404598236,0.19115965068340302,8.76120466273278e-05,0.0026233408134430647,0.3000495731830597,264,15104,,,,,
,,,,,264,15104,0.1027688980102539,0.1692430078983307,3.912733882316388e-05,0.00040867470670491457,0.2724596858024597
0.10588846355676651,0.1896965503692627,0.00011200401786481962,0.004081785678863525,0.2997787892818451,265,15161,,,,,
,,,,,265,15161,0.10272956639528275,0.16932527720928192,4.609107054420747e-05,0.0006071602692827582,0.27270811796188354
0.10849631577730179,0.18644921481609344,9.078846778720617e-05,0.0032666579354554415,0.29830294847488403,266,15218,,,,,
,,,,,266,15218,0.10241679102182388,0.16908064484596252,4.4561009417520836e-05,0.0004765995836351067,0.27201858162879944
0.10500063002109528,0.1841827929019928,0.00012346572475507855,0.003522245679050684,0.29282915592193604,267,15275,,,,,
,,,,,267,15275,0.10258888453245163,0.1686095893383026,4.35057700087782e-05,0.00043234985787421465,0.27167436480522156
0.10855983942747116,0.19569052755832672,0.00027002202114090323,0.003081676783040166,0.3076021075248718,268,15332,,,,,
,,,,,268,15332,0.10240238904953003,0.16836495697498322,4.3361571442801505e-05,0.0006982132908888161,0.2715089023113251
0.10660037398338318,0.18637582659721375,0.00012347140000201762,0.003208343405276537,0.2963080406188965,269,15389,,,,,
,,,,,269,15389,0.10248301178216934,0.16823652386665344,4.332769458414987e-05,0.0005385521799325943,0.27130135893821716
0.10944376140832901,0.18965424597263336,0.0003138421743642539,0.0036963638849556446,0.30310821533203125,270,15446,,,,,
,,,,,270,15446,0.10228835046291351,0.16796700656414032,4.0287406591232866e-05,0.0004668240435421467,0.27076244354248047
0.10818656533956528,0.18507489562034607,8.840209193294868e-05,0.00324551435187459,0.29659539461135864,271,15503,,,,,
,,,,,271,15503,0.10273638367652893,0.16772380471229553,4.371314571471885e-05,0.0005019954405725002,0.27100589871406555
0.1053369864821434,0.1940016895532608,7.055752212181687e-05,0.002964397193863988,0.30237361788749695,272,15560,,,,,
,,,,,272,15560,0.10246686637401581,0.16753342747688293,4.34035828220658e-05,0.0006666170665994287,0.270710289478302
0.10682447254657745,0.18474683165550232,0.0001822384656406939,0.004652497358620167,0.2964060306549072,273,15617,,,,,
,,,,,273,15617,0.10249034315347672,0.1673826277256012,4.381500548333861e-05,0.0005191258969716728,0.2704358398914337
0.1056893914937973,0.18587557971477509,0.00011829510913230479,0.0037301392294466496,0.29541340470314026,274,15674,,,,,
,,,,,274,15674,0.10217900574207306,0.16708551347255707,4.289092248654924e-05,0.0005827882559970021,0.2698902189731598
0.10744861513376236,0.1848974972963333,0.00016188377048820257,0.004648103844374418,0.29715612530708313,275,15731,,,,,
,,,,,275,15731,0.10239776968955994,0.1671515256166458,4.587166040437296e-05,0.0006213337765075266,0.2702164947986603
0.10652966797351837,0.18676836788654327,0.00011558346886886284,0.00396595848724246,0.29737958312034607,276,15788,,,,,
,,,,,276,15788,0.1024458259344101,0.1669282615184784,4.758813156513497e-05,0.0006422646110877395,0.27006396651268005
0.10500059276819229,0.18498626351356506,8.567526674596593e-05,0.004166696220636368,0.29423925280570984,277,15845,,,,,
,,,,,277,15845,0.10230515897274017,0.16676659882068634,4.254258965374902e-05,0.0005899968673475087,0.26970428228378296
0.10485591739416122,0.1912785917520523,6.675285112578422e-05,0.0042091840878129005,0.30041050910949707,278,15902,,,,,
,,,,,278,15902,0.10221165418624878,0.16639135777950287,4.139484008192085e-05,0.0006893633399158716,0.2693338990211487
0.1045771911740303,0.18537260591983795,6.335556099656969e-05,0.004584297072142363,0.2945975065231323,279,15959,,,,,
,,,,,279,15959,0.10239938646554947,0.16600005328655243,4.330699812271632e-05,0.0007244303124025464,0.2691671848297119
0.10969096422195435,0.18412867188453674,0.00028593555907718837,0.005474563222378492,0.29958009719848633,280,16016,,,,,
,,,,,280,16016,0.10234632343053818,0.16580462455749512,4.2649695387808606e-05,0.0008470110478810966,0.26904064416885376
0.10575902462005615,0.1891411989927292,8.100335253402591e-05,0.003745346562936902,0.2987266182899475,281,16073,,,,,
,,,,,281,16073,0.10214024037122726,0.16554903984069824,4.38037677668035e-05,0.001021006959490478,0.26875412464141846
0.10462813824415207,0.1868211179971695,7.876996824052185e-05,0.0034792516380548477,0.29500725865364075,282,16130,,,,,
,,,,,282,16130,0.10205475986003876,0.1650993376970291,4.380079553811811e-05,0.0010109938448294997,0.2682088613510132
0.10901162028312683,0.18418283760547638,0.00018140925385523587,0.005067972932010889,0.29844385385513306,283,16187,,,,,
,,,,,283,16187,0.102005235850811,0.16457030177116394,4.6692832256667316e-05,0.0012475972762331367,0.26786988973617554
0.10353211313486099,0.18596304953098297,6.43538442091085e-05,0.0041718631982803345,0.2937314212322235,284,16244,,,,,
,,,,,284,16244,0.10252925753593445,0.16439734399318695,4.9258131184615195e-05,0.001444085850380361,0.26841992139816284
0.10666187107563019,0.1854708194732666,0.00015146045188885182,0.0043480657041072845,0.29663217067718506,285,16301,,,,,
,,,,,285,16301,0.10260376334190369,0.16400417685508728,5.3591415053233504e-05,0.0013730527134612203,0.26803457736968994
0.10401049256324768,0.1842445284128189,8.447086293017492e-05,0.004760172218084335,0.29309967160224915,286,16358,,,,,
,,,,,286,16358,0.102294921875,0.16356974840164185,5.468590461532585e-05,0.0016865548677742481,0.26760590076446533
0.10733423382043839,0.18310458958148956,0.00010731290240073577,0.0059300875291228294,0.29647624492645264,287,16415,,,,,
,,,,,287,16415,0.1019778624176979,0.162978395819664,5.140460780239664e-05,0.0016356135020032525,0.26664331555366516
0.10646840184926987,0.18350744247436523,0.000107947998913005,0.0049409931525588036,0.2950248122215271,288,16472,,,,,
,,,,,288,16472,0.10201237350702286,0.16243577003479004,5.23424860148225e-05,0.0017042916733771563,0.2662048041820526
0.10558595508337021,0.18382884562015533,4.831736805499531e-05,0.005608306732028723,0.29507142305374146,289,16529,,,,,
,,,,,289,16529,0.10176493972539902,0.16201671957969666,4.793607149622403e-05,0.0016499267658218741,0.26547953486442566
0.10661692172288895,0.18458707630634308,9.146076627075672e-05,0.005201700143516064,0.2964971363544464,290,16586,,,,,
,,,,,290,16586,0.10204873234033585,0.1615205705165863,5.413690450950526e-05,0.0018198633333668113,0.2654432952404022
0.10448960214853287,0.18473932147026062,5.5941043683560565e-05,0.006026644725352526,0.29531148076057434,291,16643,,,,,
,,,,,291,16643,0.1022326722741127,0.161146342754364,5.1137445552740246e-05,0.0018807603046298027,0.2653109133243561
0.10379480570554733,0.18433815240859985,5.846769636264071e-05,0.006176019087433815,0.2943674921989441,292,16700,,,,,
,,,,,292,16700,0.1021663174033165,0.16052530705928802,5.196219353820197e-05,0.0020840305369347334,0.2648276388645172
0.10862945020198822,0.1858910173177719,0.000133462279336527,0.006329748313874006,0.3009836673736572,293,16757,,,,,
,,,,,293,16757,0.10206635296344757,0.15976308286190033,5.5482651077909395e-05,0.0022423623595386744,0.26412728428840637
0.10529278218746185,0.18383128941059113,9.209651761921123e-05,0.007195175159722567,0.29641133546829224,294,16814,,,,,
,,,,,294,16814,0.1021730974316597,0.16003963351249695,5.349226194084622e-05,0.002085992367938161,0.2643522322177887
0.10656683146953583,0.18440118432044983,0.00010178618686040863,0.005580227356404066,0.2966500222682953,295,16871,,,,,
,,,,,295,16871,0.10188418626785278,0.1586143970489502,5.546958709601313e-05,0.00215817685239017,0.2627122700214386
0.10425718128681183,0.18418318033218384,6.393701187334955e-05,0.006766770500689745,0.2952711284160614,296,16928,,,,,
,,,,,296,16928,0.1013905480504036,0.1581638902425766,5.0340258894721046e-05,0.0020670939702540636,0.26167184114456177
0.1070512980222702,0.18520230054855347,0.00016286945901811123,0.006338770501315594,0.2987552285194397,297,16985,,,,,
,,,,,297,16985,0.1018163189291954,0.15750452876091003,5.477243394125253e-05,0.0021057073026895523,0.26148128509521484
0.10617002844810486,0.18574605882167816,5.177847924642265e-05,0.006652676500380039,0.2986205220222473,298,17042,,,,,
,,,,,298,17042,0.10159888863563538,0.15720124542713165,5.349592902348377e-05,0.002198614412918687,0.2610521912574768
0.10517469793558121,0.1851312518119812,0.00013015730655752122,0.0061555164866149426,0.2965916097164154,299,17099,,,,,
,,,,,299,17099,0.10201836377382278,0.15698227286338806,5.235010030446574e-05,0.00215064431540668,0.2612036168575287
0.10467934608459473,0.1840151697397232,0.00010369446681579575,0.00739714689552784,0.296195387840271,300,17156,,,,,
,,,,,300,17156,0.10137362778186798,0.15638355910778046,5.472136035677977e-05,0.0022391064558178186,0.26005101203918457
0.1045074313879013,0.18445292115211487,6.221335934242234e-05,0.007461101748049259,0.2964836657047272,301,17213,,,,,
,,,,,301,17213,0.10166198015213013,0.15617917478084564,5.3924599342281e-05,0.0021651643328368664,0.26006022095680237
0.1054629385471344,0.18449676036834717,0.00011059750249842182,0.00679034972563386,0.29686063528060913,302,17270,,,,,
,,,,,302,17270,0.1013074517250061,0.1553674340248108,5.461477121571079e-05,0.0019907625392079353,0.25872018933296204
0.10389019548892975,0.18490400910377502,6.516248686239123e-05,0.007977206259965897,0.2968365252017975,303,17327,,,,,
,,,,,303,17327,0.10103214532136917,0.15499848127365112,5.699798566638492e-05,0.002184846205636859,0.2582724690437317
0.10633327066898346,0.1855918914079666,0.0001904264499899,0.00592054845765233,0.2980360984802246,304,17384,,,,,
,,,,,304,17384,0.10047677904367447,0.15457047522068024,5.9779857110697776e-05,0.00251238071359694,0.2576194405555725
0.10224838554859161,0.18570242822170258,4.8135745601030067e-05,0.005969483405351639,0.29396840929985046,305,17441,,,,,
,,,,,305,17441,0.10054194182157516,0.15409354865550995,5.68988143641036e-05,0.0022495631128549576,0.25694188475608826
0.1053149625658989,0.18538999557495117,8.7474771135021e-05,0.007164090871810913,0.29795652627944946,306,17498,,,,,
,,,,,306,17498,0.10044776648283005,0.15425239503383636,5.937249807175249e-05,0.00224917009472847,0.25700873136520386
0.10213789343833923,0.18555396795272827,4.738169445772655e-05,0.007085917983204126,0.29482516646385193,307,17555,,,,,
,,,,,307,17555,0.1005437821149826,0.15386340022087097,5.7967452448792756e-05,0.0022258053068071604,0.25669094920158386
0.10540512949228287,0.18616005778312683,0.0001190163820865564,0.007437523454427719,0.2991217374801636,308,17612,,,,,
,,,,,308,17612,0.10009121149778366,0.15355682373046875,5.451270044432022e-05,0.0023400145582854748,0.2560425102710724
0.10521174967288971,0.18538980185985565,0.00013355851115193218,0.007175360340625048,0.2979104518890381,309,17669,,,,,
,,,,,309,17669,0.10055052489042282,0.15331478416919708,6.280808884184808e-05,0.002481154166162014,0.25640928745269775
0.11378240585327148,0.1850433200597763,0.0003411370562389493,0.007087606471031904,0.30625447630882263,310,17726,,,,,
,,,,,310,17726,0.1008538082242012,0.15302252769470215,7.090783765306696e-05,0.0023541783448308706,0.2563014328479767
0.10321586579084396,0.18478481471538544,6.556676817126572e-05,0.008382108993828297,0.29644832015037537,311,17783,,,,,
,,,,,311,17783,0.0998966321349144,0.1527315080165863,6.07036636210978e-05,0.0021940169390290976,0.25488290190696716
0.10799716413021088,0.1869414895772934,0.000207041492103599,0.006922574248164892,0.302068293094635,312,17840,,,,,
,,,,,312,17840,0.09996642172336578,0.15219663083553314,6.133120768936351e-05,0.0024596338625997305,0.2546840310096741
0.10400491952896118,0.1850193440914154,9.376311209052801e-05,0.007691569160670042,0.2968095541000366,313,17897,,,,,
,,,,,313,17897,0.10006124526262283,0.15169298648834229,5.833700197399594e-05,0.002470951294526458,0.25428351759910583
0.10161151736974716,0.18647977709770203,6.692590250167996e-05,0.007643979042768478,0.29580220580101013,314,17954,,,,,
,,,,,314,17954,0.09991905838251114,0.15189310908317566,6.118759483797476e-05,0.002830972196534276,0.2547043263912201
0.10275386273860931,0.18645833432674408,7.570745219709352e-05,0.007810654584318399,0.2970985770225525,315,18011,,,,,
,,,,,315,18011,0.09965002536773682,0.15167640149593353,5.458910527522676e-05,0.002513267332687974,0.25389426946640015
0.10362043976783752,0.18749487400054932,0.00010833139094756916,0.006736963987350464,0.2979605793952942,316,18068,,,,,
,,,,,316,18068,0.0994640365242958,0.15116329491138458,4.878331674262881e-05,0.002481395611539483,0.2531575560569763
0.1049499362707138,0.18550759553909302,0.0001056784312822856,0.007761477958410978,0.29832470417022705,317,18125,,,,,
,,,,,317,18125,0.09946655482053757,0.15125280618667603,4.9022099119611084e-05,0.002011176198720932,0.2527795732021332
0.10171745717525482,0.1869671642780304,5.4243631893768907e-05,0.006413409020751715,0.2951522767543793,318,18182,,,,,
,,,,,318,18182,0.09965518116950989,0.1512703150510788,5.135859828442335e-05,0.0023336228914558887,0.25331053137779236
0.10244918614625931,0.18625898659229279,7.353560795309022e-05,0.007065226323902607,0.29584693908691406,319,18239,,,,,
,,,,,319,18239,0.0995502844452858,0.15101170539855957,5.016340219299309e-05,0.0022997111082077026,0.25291183590888977
0.10143747925758362,0.18623921275138855,5.091650746180676e-05,0.006553375627845526,0.294281005859375,320,18296,,,,,
,,,,,320,18296,0.09926143288612366,0.1509057879447937,4.9975136789726093e-05,0.002269900171086192,0.25248709321022034
0.10334408283233643,0.1875956654548645,9.968392987502739e-05,0.006745352875441313,0.29778480529785156,321,18353,,,,,
,,,,,321,18353,0.09973528981208801,0.1505914032459259,4.817957596969791e-05,0.002265473362058401,0.25264036655426025
0.10286594927310944,0.18555204570293427,7.299399294424802e-05,0.008209005929529667,0.29670000076293945,322,18410,,,,,
,,,,,322,18410,0.09927676618099213,0.150333434343338,5.023116318625398e-05,0.0021501376759260893,0.25181058049201965
0.10314004868268967,0.18594001233577728,8.854001498548314e-05,0.007287262007594109,0.29645588994026184,323,18467,,,,,
,,,,,323,18467,0.09902255237102509,0.15032587945461273,4.570958117255941e-05,0.0021118996664881706,0.2515060007572174
0.101821668446064,0.18567416071891785,5.3028670663479716e-05,0.008223793469369411,0.29577264189720154,324,18524,,,,,
,,,,,324,18524,0.09930305927991867,0.14954248070716858,4.6379020204767585e-05,0.002408756874501705,0.2513006329536438
0.10582594573497772,0.18604274094104767,0.00016565175610594451,0.006769292056560516,0.2988036274909973,325,18581,,,,,
,,,,,325,18581,0.09902411699295044,0.14958050847053528,4.516411718213931e-05,0.002226291922852397,0.2508760988712311
0.10276312381029129,0.18774808943271637,5.6285040045622736e-05,0.00705705676227808,0.2976245880126953,326,18638,,,,,
,,,,,326,18638,0.0993209257721901,0.14978551864624023,4.5970962673891336e-05,0.0020186142064630985,0.2511710524559021
0.10143298655748367,0.18687719106674194,5.059622344560921e-05,0.006693672854453325,0.29505443572998047,327,18695,,,,,
,,,,,327,18695,0.09926177561283112,0.14985384047031403,4.694030212704092e-05,0.0024722767993807793,0.2516348361968994
0.10366964340209961,0.1872967928647995,8.222986070904881e-05,0.007509920280426741,0.2985585927963257,328,18752,,,,,
,,,,,328,18752,0.09890599548816681,0.14953982830047607,4.339511360740289e-05,0.0022112696897238493,0.25070053339004517
0.1020464301109314,0.18660232424736023,5.5037944548530504e-05,0.007556143216788769,0.29625990986824036,329,18809,,,,,
,,,,,329,18809,0.09935203939676285,0.14940083026885986,4.5286244130693376e-05,0.0023428841959685087,0.2511410713195801
0.1022469773888588,0.18695271015167236,9.490772208664566e-05,0.007779116742312908,0.29707372188568115,330,18866,,,,,
,,,,,330,18866,0.09907630831003189,0.14939278364181519,4.352936230134219e-05,0.0028327417094260454,0.25134530663490295
0.10386482626199722,0.1864432692527771,0.00011200644075870514,0.007539129815995693,0.29795923829078674,331,18923,,,,,
,,,,,331,18923,0.09955345839262009,0.1493518203496933,4.5017575757810846e-05,0.0023095831274986267,0.25125986337661743
0.10503022372722626,0.18712319433689117,7.116156484698877e-05,0.008189189247786999,0.3004137873649597,332,18980,,,,,
,,,,,332,18980,0.09939207881689072,0.1494240015745163,4.5223638153402135e-05,0.0023143901489675045,0.2511757016181946
0.10443847626447678,0.18755249679088593,0.00011023649130947888,0.008419804275035858,0.30052101612091064,333,19037,,,,,
,,,,,333,19037,0.09913738816976547,0.1485113799571991,4.574436024995521e-05,0.0020474777556955814,0.24974192678928375
0.10256659984588623,0.18786916136741638,8.879753295332193e-05,0.00747650396078825,0.2980010211467743,334,19094,,,,,
,,,,,334,19094,0.09902647882699966,0.14851269125938416,4.500715294852853e-05,0.0022280625998973846,0.24981220066547394
0.10318421572446823,0.1869204193353653,9.825693996390328e-05,0.008731871843338013,0.2989347577095032,335,19151,,,,,
,,,,,335,19151,0.09912346303462982,0.1486579179763794,4.6147917601047084e-05,0.0022027334198355675,0.2500303387641907
0.10271000117063522,0.18784871697425842,6.146229134174064e-05,0.00776874041184783,0.29838892817497253,336,19208,,,,,
,,,,,336,19208,0.09882412105798721,0.1487247347831726,4.5884175051469356e-05,0.002262735739350319,0.24985750019550323
0.10357362031936646,0.1875161975622177,9.415012027602643e-05,0.00726682273671031,0.298450767993927,337,19265,,,,,
,,,,,337,19265,0.0989910364151001,0.14856202900409698,4.901740976492874e-05,0.0023773154243826866,0.2499794065952301
0.10210230946540833,0.18652717769145966,6.174563895910978e-05,0.007920798845589161,0.296612024307251,338,19322,,,,,
,,,,,338,19322,0.09920993447303772,0.14878328144550323,4.492139123613015e-05,0.00242345267906785,0.250461608171463
0.10470905900001526,0.18840886652469635,8.888071170076728e-05,0.007017442956566811,0.300224244594574,339,19379,,,,,
,,,,,339,19379,0.09898609668016434,0.14810137450695038,4.980786980013363e-05,0.0021674418821930885,0.24930474162101746
0.10214917361736298,0.1867966502904892,7.394528074655682e-05,0.008095633238554,0.29711541533470154,340,19436,,,,,
,,,,,340,19436,0.09887316077947617,0.14853030443191528,4.375203207018785e-05,0.0022203365806490183,0.24966751039028168
0.10320434719324112,0.18849270045757294,7.516473851865157e-05,0.0066320993937551975,0.298404335975647,341,19493,,,,,
,,,,,341,19493,0.09904961287975311,0.1482507884502411,4.6269266022136435e-05,0.0023397908080369234,0.24968647956848145
0.10288814455270767,0.18675553798675537,6.873234087834135e-05,0.008270489983260632,0.2979828715324402,342,19550,,,,,
,,,,,342,19550,0.09904459118843079,0.14827699959278107,4.860050466959365e-05,0.0018400679109618068,0.24921025335788727
0.10158632695674896,0.18822836875915527,6.60404548398219e-05,0.0073408628813922405,0.2972216010093689,343,19607,,,,,
,,,,,343,19607,0.09850946068763733,0.14774154126644135,4.631525371223688e-05,0.002056910889223218,0.24835431575775146
0.101435087621212,0.18885186314582825,6.389600457623601e-05,0.007982366718351841,0.29833319783210754,344,19664,,,,,
,,,,,344,19664,0.09880339354276657,0.1475282460451126,4.7925284889061004e-05,0.0020495529752224684,0.24842914938926697
0.10356270521879196,0.1894158571958542,0.00011481720866868272,0.007223582360893488,0.3003169596195221,345,19721,,,,,
,,,,,345,19721,0.09896666556596756,0.14786678552627563,4.8449986934429035e-05,0.0021053366363048553,0.24898721277713776
0.10585921257734299,0.1898469775915146,0.00010455962183186784,0.006622840650379658,0.3024336099624634,346,19778,,,,,
,,,,,346,19778,0.09864914417266846,0.1476309597492218,5.140808571013622e-05,0.0020347214303910732,0.24836629629135132
0.10232382267713547,0.18658161163330078,8.750175766181201e-05,0.008601698093116283,0.2975946068763733,347,19835,,,,,
,,,,,347,19835,0.09838955104351044,0.14736200869083405,4.985819032299332e-05,0.0022210520692169666,0.24802246689796448
0.10462678223848343,0.1877063512802124,0.00016887832316569984,0.008965089917182922,0.30146706104278564,348,19892,,,,,
,,,,,348,19892,0.09866919368505478,0.1475960910320282,5.159097054274753e-05,0.002218354493379593,0.24853515625
0.1018221527338028,0.18672044575214386,6.665627006441355e-05,0.009015767835080624,0.29762503504753113,349,19949,,,,,
,,,,,349,19949,0.09919716417789459,0.1478264182806015,6.555840082000941e-05,0.0026286961510777473,0.2497178316116333
0.10218276083469391,0.1886903941631317,7.485658716177568e-05,0.007440108340233564,0.29838818311691284,350,20006,,,,,
,,,,,350,20006,0.09851697832345963,0.1475280225276947,5.579032949754037e-05,0.002234468935057521,0.24833525717258453
0.10152384638786316,0.1879689246416092,6.287220458034426e-05,0.00814120564609766,0.2976968288421631,351,20063,,,,,
,,,,,351,20063,0.09842011332511902,0.14730122685432434,5.327495455276221e-05,0.0022927543614059687,0.24806734919548035
0.10359866172075272,0.19008761644363403,0.00011969252227572724,0.006622155662626028,0.3004281222820282,352,20120,,,,,
,,,,,352,20120,0.09852872788906097,0.14735527336597443,5.7079225371126086e-05,0.002248706528916955,0.2481897473335266
0.10344406217336655,0.188357874751091,7.758085121167824e-05,0.007851502858102322,0.29973104596138,353,20177,,,,,
,,,,,353,20177,0.09840051829814911,0.14731405675411224,5.290428816806525e-05,0.0019585108384490013,0.2477259784936905
